unit_id,scientific,common,n_total,n_prior,n_pheno,n_photo,n_years,n_observers,first,last,near_50m
ERG-001,Elaeocarpus decipiens,杜英,15,10,0,15,5,10,2019-10-19,2026-07-05,11
ERG-002,Ardisia cornudentata,雨傘仔,10,5,0,10,3,10,2024-04-27,2026-09-20,2
ERG-003,Antidesma japonicum,日本五月茶,4,2,0,4,3,2,2024-11-28,2026-05-07,4
ERG-004,Trachelospermum asiaticum,細梗絡石,3,0,0,3,1,2,2026-04-25,2026-05-07,1
ERG-005,Machilus thunbergii,紅楠,11,10,0,11,4,9,2022-03-11,2026-04-25,7
ERG-006,Freycinetia formosana,山露兜,13,8,0,13,6,12,2019-11-17,2026-07-28,5
ERG-007,Quercus glauca,青剛櫟,4,3,0,4,2,4,2024-04-27,2026-04-25,4
ERG-008,Antidesma japonicum,日本五月茶,8,7,0,8,4,5,2023-06-21,2026-04-25,8
ERG-009,Diospyros morrisiana,山紅柿,1,0,0,1,1,1,2026-04-25,2026-04-25,1
ERG-010,Psychotria asiatica,九節木,10,9,0,10,5,6,2019-10-19,2026-04-25,9
ERG-011,Mallotus paniculatus,白匏子,33,32,1,33,9,18,2018-10-06,2026-04-25,4
ERG-012,Glochidion acuminatum,裏白饅頭果,9,8,0,9,2,5,2024-04-29,2026-04-25,2
ERG-013,Pyrenaria microcarpa,烏皮茶,17,15,1,17,6,10,2019-10-19,2026-06-18,8
ERG-014,Quercus glauca,青剛櫟,3,2,0,3,3,3,2019-10-28,2026-04-25,2
ERG-015,Morella rubra,楊梅,11,9,0,11,4,9,2019-03-30,2026-07-28,8
ERG-016,Psychotria asiatica,九節木,8,7,0,8,4,7,2019-10-19,2026-04-25,2
ERG-017,Calamus formosanus,黃藤,6,3,1,6,3,5,2022-04-30,2026-05-07,1
ERG-018,Meliosma squamulata,綠樟,46,42,7,46,9,24,2014-04-15,2026-09-19,4
ERG-019,Ilex maximowicziana,倒卵葉冬青,6,5,0,6,4,4,2019-10-19,2026-04-25,3
ERG-020,Ardisia quinquegona,小葉樹杞,13,9,0,13,5,6,2022-04-30,2026-09-19,5
ERG-021,Rhododendron latoucheae,西施花,37,34,2,37,9,21,2014-04-15,2026-09-20,2
ERG-022,Diospyros morrisiana,山紅柿,6,5,0,6,5,3,2019-10-19,2026-04-25,5
ERG-023,Fissistigma oldhamii,瓜馥木,37,35,0,37,7,22,2019-04-27,2026-09-20,1
ERG-024,Ardisia sieboldii,樹杞,5,4,0,5,3,3,2023-06-03,2026-04-25,2
ERG-025,Prunus phaeosticta,墨點櫻桃,25,24,0,25,9,14,2009-02-22,2026-04-25,1
ERG-026,Ilex maximowicziana,倒卵葉冬青,3,2,0,3,3,2,2019-10-19,2026-04-25,3
ERG-027,Machilus thunbergii,紅楠,14,13,0,14,8,8,2019-04-27,2026-04-25,3
ERG-028,Maesa perlaria formosana,臺灣山桂花,31,29,5,31,9,19,2018-03-31,2026-04-25,5
ERG-029,Calamus formosanus,黃藤,19,15,1,19,7,14,2019-08-18,2026-09-12,1
ERG-030,Wendlandia formosana,水金京,42,35,0,42,9,24,2018-12-08,2026-09-20,4
ERG-031,Gardenia jasminoides,山黃梔,32,24,2,32,9,15,2018-11-03,2026-05-09,5
ERG-032,Symplocos glauca,山羊耳,19,15,0,19,6,11,2020-02-22,2026-09-20,4
ERG-033,Trachelospermum asiaticum,細梗絡石,29,27,3,29,8,16,2019-06-08,2026-05-07,8
ERG-034,Diospyros morrisiana,山紅柿,1,0,0,1,1,1,2026-04-25,2026-04-25,1
ERG-035,Helicia cochinchinensis,紅葉樹,32,26,1,32,8,15,2010-11-24,2026-09-20,9
ERG-036,Diospyros morrisiana,山紅柿,2,1,0,2,2,1,2021-12-18,2026-04-25,2
ERG-037,Clerodendrum cyrtophyllum,大青,50,43,2,50,9,23,2018-07-24,2026-09-20,15
ERG-038,Hydrangea chinensis,華八仙,49,48,14,49,10,22,2008-02-16,2026-04-25,21
ERG-039,Glochidion rubrum,細葉饅頭果,11,10,0,11,8,3,2019-06-08,2026-04-25,10
ERG-040,Eurya chinensis,米碎柃木,15,11,0,15,6,7,2021-01-09,2026-09-12,5
ERG-041,Glochidion acuminatum,裏白饅頭果,13,12,0,13,6,9,2020-04-21,2026-04-25,1
ERG-042,Ardisia sieboldii,樹杞,28,25,2,28,7,12,2018-10-25,2026-09-20,13
ERG-043,Ilex asprella,燈稱花,29,26,9,29,8,18,2019-03-30,2026-09-20,11
ERG-044,Arenga engleri,山棕,6,4,0,6,4,3,2020-11-21,2026-05-23,4
ERG-045,Diospyros eriantha,軟毛柿,5,4,1,5,4,1,2021-01-09,2026-04-25,4
ERG-046,Diospyros morrisiana,山紅柿,38,32,1,38,8,17,2010-11-24,2026-09-20,14
ERG-047,Camellia brevistyla,短柱山茶,17,15,0,17,7,9,2019-06-08,2026-09-24,10
ERG-048,Glochidion rubrum,細葉饅頭果,20,18,1,20,6,8,2019-06-08,2026-09-20,8
ERG-049,Freycinetia formosana,山露兜,21,17,2,21,6,12,2020-07-03,2026-07-28,4
ERG-050,Quercus glauca,青剛櫟,12,11,0,12,7,9,2019-06-08,2026-04-25,8
ERG-051,Quercus sessilifolia,毽子櫟,12,11,0,12,5,6,2019-03-30,2026-04-25,9
ERG-052,Rhododendron oldhamii,金毛杜鵑,105,101,11,105,10,54,2017-08-26,2026-07-28,17
ERG-053,Lithocarpus brevicaudatus,短尾葉石櫟,8,6,0,8,4,4,2022-01-01,2026-09-20,6
ERG-054,Dendropanax dentigerus,樹參,8,6,0,8,5,5,2014-08-23,2026-07-22,5
ERG-055,Meliosma rigida,筆羅子,7,6,0,7,4,5,2022-01-01,2026-04-25,4
ERG-056,Arenga engleri,山棕,7,3,0,7,2,5,2023-05-03,2026-09-13,2
ERG-057,Castanopsis carlesii,長尾栲,20,17,0,20,8,14,2019-06-08,2026-09-19,6
ERG-058,Quercus sessilifolia,毽子櫟,6,5,1,6,3,3,2022-01-01,2026-04-25,4
ERG-059,Ligustrum liukiuense,琉球女貞,15,14,1,15,5,10,2022-05-07,2026-04-25,6
ERG-060,Symplocos theophrastifolia,山豬肝,26,22,0,26,7,13,2020-03-14,2026-09-20,4
ERG-061,Acer serrulatum,青楓,31,26,0,31,8,21,2018-10-25,2026-09-20,1
ERG-062,Daphniphyllum pentandrum,虎皮楠（交讓木）,39,31,2,39,10,27,2010-11-24,2026-09-20,2
ERG-063,Ilex formosana,糊樗,12,11,1,12,7,8,2019-04-27,2026-04-25,7
ERG-064,Actinidia rufa,山梨獼猴桃,22,20,3,22,8,11,2017-08-26,2026-05-30,5
ERG-065,Lithocarpus brevicaudatus,短尾葉石櫟,23,21,1,23,9,15,2014-04-15,2026-08-30,2
ERG-066,Ficus erecta,牛奶榕,5,2,0,5,3,5,2019-04-27,2026-09-13,1
ERG-067,Urceola rosea,酸藤,8,6,1,8,4,6,2021-05-23,2026-09-20,3
ERG-068,Ilex maximowicziana,倒卵葉冬青,20,19,2,20,10,11,2008-01-20,2026-04-25,8
ERG-069,Hydrangea chinensis,華八仙,65,63,15,65,10,42,2010-11-24,2026-05-07,15
ERG-070,Quercus salicina,白背櫟,13,10,0,13,4,7,2023-01-14,2026-05-23,1
ERG-071,Sageretia randaiensis,巒大雀梅藤,21,20,0,21,8,13,2012-03-31,2026-04-25,10
ERG-072,Meliosma rigida,筆羅子,11,9,0,11,5,8,2021-05-01,2026-09-20,4
ERG-073,Syzygium elliptifolium,橢圓葉赤楠,28,24,1,28,9,13,2014-04-15,2026-09-20,4
ERG-074,Elaeagnus thunbergii,鄧氏胡頹子,17,13,0,17,5,12,2022-11-22,2026-09-20,4
ERG-075,Quercus salicina,白背櫟,44,36,5,44,7,23,2019-03-30,2026-09-24,11
ERG-076,Dendropanax dentigerus,樹參,11,10,1,11,4,6,2022-01-03,2026-04-25,4
ERG-077,Machilus thunbergii,紅楠,46,44,0,46,9,27,2018-11-17,2026-09-20,11
ERG-078,Berchemia formosana,臺灣黃鱔藤,13,10,1,13,8,7,2014-04-15,2026-07-26,8
ERG-079,Viburnum luzonicum,呂宋莢蒾,58,55,20,58,9,33,2018-03-31,2026-09-12,17
ERG-080,Antidesma japonicum,日本五月茶,20,16,2,20,7,9,2019-05-11,2026-09-20,6
ERG-081,Elaeocarpus japonicus,薯豆,40,33,1,40,7,26,2019-10-19,2026-09-20,6
ERG-082,Psychotria serpens,拎壁龍,55,47,8,55,8,39,2019-04-27,2026-09-20,12
ERG-083,Prunus phaeosticta,墨點櫻桃,37,32,3,37,9,21,2010-10-13,2026-09-20,4
ERG-084,Morella rubra,楊梅,31,29,1,31,7,20,2017-08-26,2026-09-20,15
ERG-085,Aidia cochinchinensis,茜草樹,24,21,4,24,8,14,2018-03-31,2026-09-20,1
ERG-086,Ardisia quinquegona,小葉樹杞,14,12,3,14,7,8,2010-11-24,2026-09-20,9
ERG-087,Polyspora axillaris,大頭茶,53,51,8,53,10,33,2010-11-24,2026-04-25,19
ERG-088,Ehretia longiflora,長花厚殼樹,25,20,6,25,7,14,2020-03-20,2026-09-20,6
ERG-089,Quercus sessilifolia,毽子櫟,54,47,5,54,9,30,2018-11-03,2026-09-20,15
ERG-090,Illicium arborescens,臺灣八角,41,40,4,41,8,17,2013-01-29,2026-04-25,19
ERG-091,Vaccinium randaiense,巒大越橘,3,2,1,3,2,1,2019-06-08,2026-04-25,3
ERG-092,Helicia formosana,山龍眼,32,29,6,32,7,17,2019-06-08,2026-09-20,16
ERG-093,Trochodendron aralioides,昆欄樹,22,21,4,22,7,13,2018-03-31,2026-04-25,8
ERG-094,Castanopsis carlesii,長尾栲,3,1,0,3,2,2,2023-12-14,2026-08-29,2
ERG-095,Quercus gilva,赤皮,19,18,0,19,7,11,2019-03-30,2026-05-07,1
